,comentario,toxico,homofobico,obsceno,insulto,racismo,misogino,xenofobia
17080,"a segunda instancia estava contagiada, pelo processo viciado da primeira instancia, pronto caiu todo seu argumento, XAU! ja perdi muito tempo assistindo",0.0,0.0,0.0,0.0,0.0,0.0,0.0
39269,"Esse tipo de testemunho precisa ir URGENTEMENTE para a TV aberta, em hor√°rio nobre, reservado exclusivamente para o Senhor Presidente Bolsonaro.",0.0,0.0,0.0,0.0,0.0,0.0,0.0
49125,Agora tira do ladr√£o do filho do Bolsonaro,0.0,0.0,0.0,0.0,0.0,0.0,0.0
21437,"*NANDO MOURA PRESO, DANILO GENTILI PRESO, QUANDO O MAM√ÉE FALEI SER√Å PRESO. üòÇ*",0.0,0.0,0.0,0.0,0.0,0.0,0.0
74746,Canal mais necess√°rio do YouTube Br,0.0,0.0,0.0,0.0,0.0,0.0,0.0
56718,Calma amiguinho. NINGUEM VAI FAZER TEUS AMIGOS VIRAREM HOMENS N√ÉO MEU BEM. ‚úå,0.0,0.0,0.0,0.0,0.0,0.0,0.0
8875,Nando voc√™ √© foda tudo verdade üëèüëèüëèüëèüëèüëèüëè,0.0,0.0,0.0,0.0,0.0,0.0,0.0
63193,mas vcs est√£o com a cabecinhas lavadinhas de sab√£o Gramsci.,0.0,0.0,0.0,0.0,0.0,0.0,0.0
16407,"Top !!! Concordo  plenamente  !!! 
Melhora a liberdade  do torcedor  !!",0.0,0.0,0.0,0.0,0.0,0.0,0.0
14238,"Aqui est√° os privil√©gios dos militares
‚óèN√£o tem hora extra
‚óèN√£o tem direito a folga
‚óèN√£o tem carteira assinada
‚óèN√£o tem aposentadoria 
‚óèN√£o tem adicional noturno 
‚óèMAS TEM DIREITO A MORTE",0.0,0.0,0.0,0.0,0.0,0.0,0.0
22289,"Sou Olavista, Bolsonarista, Direitista, Conservador, Miniom e muito mais, desde que n√£o seja de esquerda. Brasil acima de tudo, Deus acima de todos.",0.0,0.0,0.0,0.0,0.0,0.0,0.0
10444,Tinha muitos rob√¥s todos fazendo parte da revolu√ß√£o das m√°quinas. Foi √©pico. CAPIT√ÉO NASCIMENTO   teria vergonha do WAGNER MOURA.,0.0,0.0,0.0,0.0,0.0,0.0,0.0
33955,"Aqui no Rio √© uma zona, est√£o na escola mas saem sem saber NADA, alunos de segundo grau que n√£o sabem escrever e nem fazer contas, √â UM ABSURDO, sem falar na disciplina que inexiste.",0.0,0.0,0.0,0.0,0.0,0.0,0.0
25650,Mestre Olavo ! Sempre com uma lucidez e o GRANDE fil√≥sofo de n√≥s Direita e Conservadorismo.,0.0,0.0,0.0,0.0,0.0,0.0,0.0
34445,"Agora sabemos o porque o presidente Costa e Silva prendeu os ministros e fechou o STF em 1968.
Fa√ßa o mesmo, presidente!! Tem o nosso apoio!!",0.0,0.0,0.0,0.0,0.0,0.0,0.0
71240,o que esta acontecendo com as visualizacoes desse maluco,0.0,0.0,0.0,0.0,0.0,0.0,0.0
72020,"Acabei de ler.

Agora Entendi porque detesto a pequena burguesia.",0.0,0.0,0.0,0.0,0.0,0.0,0.0
65313,"quer imitar os EUA ? bora copiar a pena de morte, porte de arma, redu√ß√£o da maioridade penal etc üòä",0.0,0.0,0.0,0.0,0.0,0.0,0.0
5273,"""Fujam das propostas (revolucion√°rias) do mundo melhor"" Olavo de Carvalho",0.0,0.0,0.0,0.0,0.0,0.0,0.0
8081,"Boa Nando...
Gosto de Vc e Do Arthur...
Acho o Arthur Um Cara Maneiro..Arthur √© Uma Boa Pessoa",0.0,0.0,0.0,0.0,0.0,0.0,0.0
18479,O Silvio Santos desenhou a reforma da previd√™ncia para os analfabetos funcionais.,0.0,0.0,0.0,0.0,0.0,0.0,0.0
72417,"O Olavo  de Carvalho  , nunca me enganou, agora ver meus filhos com gradua√ß√£o  acreditar nesse homem me frustrou muito. Tenho f√©  que um dia essa engana√ß√£o.  Ser√°  revelada aos poucos. Tenho f√©.",0.0,0.0,0.0,0.0,0.0,0.0,0.0
47687,"Enquanto Bolsonaro ficar pedindo conselhos a esse pseudo fil√≥sofo, vai passar vergonha. Olha a porcaria de ministro de educa√ß√£o que esse gag√° indicou.",0.0,0.0,0.0,0.0,0.0,0.0,0.0
27895,BOLSONARO √â MITO MESMO... ASSINOU POSSE DOS MINISTROS DE CANETA BIC KKKKK,0.0,0.0,0.0,0.0,0.0,0.0,0.0
70987,Vc e o pc siqueira ?,0.0,0.0,0.0,0.0,0.0,0.0,0.0
73695,sektor wins. fatality.,0.0,0.0,0.0,0.0,0.0,0.0,0.0
27788,"Os esquerdistas v√£o dizer que foi tudo
Combinado",0.0,0.0,0.0,0.0,0.0,0.0,0.0
69242,"Arte n√£o se define, a defini√ß√£o vem do ju√≠zo de valor, ou seja, do gosto individual. √â um ABSURDO apagar aqueles graffitis/picha√ß√µes!! Muito fascista d√° parte dele!
Cidade linda n√£o √© cidade cinza!!",0.0,0.0,0.0,0.0,0.0,0.0,0.0
16660,"Vai fundo cara, como diz o tioz√£o do Twitter: -Minha p* n√£o tem ideologia.",0.0,0.0,0.0,0.0,0.0,0.0,0.0
29492,Esquerdistas entendam: O BRASIL hoje tem um VERDADEIRO PRESIDENTE.,0.0,0.0,0.0,0.0,0.0,0.0,0.0
