,Unnamed: 0,user_id,user_name,user_location,user_description,user_friends_count,user_is_verified,user_followers_count,user_tweets_count,user_favorites_count,user_created_at,tweet_text,tweet_urls,tweet_mentions,tweet_hashtags,tweet_replies,tweet_favorites,toxico,homofobico,obsceno,racismo,insulto,misogino,xenofobia
137723,415639,1508333785.0,mariomedeiros29,,"Servidor publico, graduado em administra√ß√£o e Direito e descontente com a corrup√ß√£o, mas confiante na Justi√ßa...por enquanto.",892.0,False,255,8714,1477,2013,"@marcelorubens @ggreenwald deixa de palha√ßada. quem quer essa praga do verdevaldo √© gente se sua laia. a gente quer sim, mas mofando cadeia.",[],"['marcelorubens', 'ggreenwald']",[],0.0,0.0,1.0,0.0,0.0,0.0,0.0,0.0,0.0
49120,165547,1.1155605045698682e+18,hablo_eu,,"Acidez, Totalmente Incorreto, Cr√≠tico o que sei e o que n√£o sei. EuHablo!",143.0,False,11,616,292,2019,@blogdonoblat ironicamente n√£o haviam ind√≠cios de nenhuma palestra dada.,[],['BlogdoNoblat'],[],0.0,0.0,1.0,0.0,0.0,0.0,0.0,0.0,0.0
160783,483293,1.0584037697325261e+18,Adalva12,,,296.0,False,367,843,12172,2018,"@KennedyAlencar Aceita que d√≥i menos, petralha. Por acaso o detento que defende a√≠ √© doutor? Bolsonaro √© o nosso presidente escolhido pela maioria. E lembre se Lula t√° preso babaca. Viva o Bolsonaro, viva o Moro!",[],['KennedyAlencar'],[],0.0,0.0,1.0,0.0,0.0,0.0,0.0,0.0,0.0
29423,101701,9.925862319880847e+17,JooIgor99910120,"Centro, Rio de Janeiro",Vasco Sempre !,111.0,False,23,3919,5200,2018,"@demori marreco, pav√£o, pica pau...",[],['demori'],[],0.0,0.0,1.0,0.0,0.0,0.0,0.0,0.0,0.0
201486,621291,1.1418157594732051e+18,lucianfellows,"Rio de Janeiro, Brazil",Straight to the point,162.0,False,76,3216,4620,2019,"@anapaulavolei que novela, jogo , bar coisa nenhuma ! a farofada do porn√¥boy  toda aqui  t√° ficando quent√≠ssima! kkkkkkk",[],['AnaPaulaVolei'],[],0.0,0.0,1.0,0.0,0.0,0.0,0.0,0.0,0.0
39245,132795,1.0882744079807448e+18,legermaNH,,"Conservadora, pr√≥-armas, contra o vitimismo e amante do capitalismo. Costumo dizer que para um bom entendedor uma levantada de sobrancelha basta. DM:üö´",3233.0,False,6334,14306,30715,2019,@claudioedantas cabra expiat√≥ria c o discurso na ponta da l√≠ngua diga-se de passagem.,[],['claudioedantas'],[],0.0,0.0,1.0,0.0,0.0,0.0,0.0,0.0,0.0
156326,469462,45090417.0,RenanTSilva,Brazil,"Apesar de m√≠ope, tentando manter o foco.",286.0,False,142,29174,6814,2009,@nilmoretto poxa. ouvirei a nova vers√£o curioso pela primeira.,[],['nilmoretto'],[],0.0,0.0,1.0,0.0,0.0,0.0,0.0,0.0,0.0
118473,365275,35298553.0,sparellada,,"Fam√≠lia, amigos, leitura, boa conversa, m√∫sica de qualidade e meu Brasil!üëâüèΩüíöüíõ",738.0,False,645,23537,19875,2009,@anapaulavolei @roberto_areias a pessoa ao lado dela se contorce para n√£o rir. muito engra√ßado,[],"['AnaPaulaVolei', 'roberto_areias']",[],0.0,0.0,1.0,0.0,0.0,0.0,0.0,0.0,0.0
111262,348294,234622361.0,pmvits,"S√£o Paulo, Brasil","Temos um Pa√≠s a reunificar, sem n√≥s x eles, preto x branco, sul x nordeste: a √∫nica divis√£o aceit√°vel √© entre quem n√£o tolera bandido e os coniventes.",444.0,False,193,11562,13946,2011,@brumelianebrum e quem matou celso daniel???? e s√≥ pra lembrar - o lula ta preso babaca!!!!,[],['brumelianebrum'],[],0.0,0.0,1.0,0.0,0.0,0.0,0.0,0.0,0.0
61767,207194,49186003.0,marcosvelasque,,S√≥ twitto √† noite porqu√™ trabalho de dia.,168.0,False,46,2213,1218,2009,@monicabergamo Engra√ßado.. o cara conseguia o telefone das maiores autoridades do pa√≠s a hira que queria... Mad o do gringo safado teve que perguntar pra Manuela... Quem acredita nisso???? S√≥ a turma que acha o cachaceiro inocente mesmo..,[],['monicabergamo'],[],0.0,0.0,1.0,0.0,0.0,0.0,0.0,0.0,0.0
160361,481908,60323219.0,jackiebernal,"Santos, Brasilüê≥üåû‚õ±Ô∏è",,1179.0,False,1208,11226,11645,2009,@miltonneves putz... rid√≠cula essa palavra!!! pior ainda qdo √© usada para mulheres...,[],['Miltonneves'],[],0.0,0.0,1.0,0.0,0.0,0.0,0.0,0.0,0.0
74921,245186,7.356648259095142e+17,ronilima40,S√£o Paulo ,"A CORRUP√á√ÉO DOS POL√çTICOS  BRASILEIROS,MATA MAIS QUE TODAS AS GUERRAS DO MUNDO !",1244.0,False,154,3459,3627,2016,@anapaulavolei eu amo esse ser humaninho üòÇüòÇüòÇüòÇüòÇüòÇüòÇüòÇ,[],['AnaPaulaVolei'],[],0.0,0.0,1.0,0.0,0.0,0.0,0.0,0.0,0.0
134246,407197,47489116.0,Mary1142,BR pa√≠s de poderes corruptos ,Tenho at√© 2033... Ent√£o vivaüéâ,340.0,False,109,3473,265,2009,"@pefabiodemelo @AnaPaulaVolei @ProfBunazar Ha padre senti muita dificuldades, mas o valor alto do frete foi o que me adaptou aos livros em pdf",[],"['pefabiodemelo', 'AnaPaulaVolei', 'ProfBunazar']",[],0.0,0.0,1.0,0.0,0.0,0.0,0.0,0.0,0.0
94110,300955,2633482018.0,barrospmb_paulo,,,122.0,False,60,7188,1352,2014,"@DaniloGentili Danilo t√° com mesmo fornecedor do Lob√£o !!
Rap√° v√™ se te cuida fiiii...
Da√≠ pra virar da resist√™ncia anal √© um pulo !!
V√™ se poupa o Roger e n√£o d√™ facada pelas costas!! https://t.co/Gxrhp9nXWl",[],['DaniloGentili'],[],0.0,0.0,1.0,0.0,0.0,0.0,0.0,0.0,0.0
57879,195063,1.149475806910935e+18,messiassauro,"Acre, Brasil","''Mantenham-se vigilantes, porque voc√™s n√£o sabem nem o dia nem a¬†hora''. ‚Äî¬†Mateus 25:13 üåé

''Tchau Queridos'' ‚Äî Mateussauro 26:14 üêæ",278.0,False,214,211,63,2019,"@naosalvo Relaxa, √© s√≥ lembrar que seu pau mole n√£o √© t√£o grande assim ao ponto de sair pra fora do samba-can√ß√£o.

Pense nisso e ande feliz :)",[],['naosalvo'],[],0.0,0.0,1.0,0.0,0.0,0.0,0.0,0.0,0.0
134990,409062,9.195201508518131e+17,ADraeng,"Ribeir√£o Preto, Brasil",üêæüêæamo animais de 04patas! üëâCASADA!,5324.0,False,5517,59051,18770,2017,"@marcelorubens VAI PRA CUBA OU VENEZUELA ,CARA.
ESTAMOS NUMA DEMOCRACIA E VC N√ÉO REPRESENTA NADA,NUMA PESQUISA PARA CURA DO C√ÇNCER. VC PARA A PESQUISA √â P√çFIO!",[],['marcelorubens'],[],0.0,0.0,1.0,0.0,0.0,0.0,0.0,0.0,0.0
76661,249485,1.1407834982084526e+18,UVichier,,,35.0,False,2,246,183,2019,@gduvivier Desde quando o verdevaldo √© de confian√ßa? E desde quando estelionat√°rio se preocupa com a justi√ßa e diz entregar tudo de gra√ßa? Voc√™ √© trouxa mesmo.,[],['gduvivier'],[],0.0,0.0,1.0,0.0,0.0,0.0,0.0,0.0,0.0
30840,105951,88721864.0,iramarcondes,,,257.0,False,48,517,2106,2009,@blogdonoblat @estadao esse moro √© um canalha,[],"['BlogdoNoblat', 'Estadao']",[],0.0,0.0,1.0,0.0,0.0,0.0,0.0,0.0,0.0
30016,103475,1.0560257971930685e+18,PauloSolobo,,"Deus e quem me fortalece!
direita sempre.",624.0,False,496,1240,2394,2018,@blogdonoblat @estadao boa neh? parabens p ministro pq tem muito lixo ja aqui e temos q aturar. mas ai recolher os de fora n da neh?,[],"['BlogdoNoblat', 'Estadao']",[],0.0,0.0,1.0,0.0,0.0,0.0,0.0,0.0,0.0
21619,76572,1.139660411731632e+18,RogrioC08806828,"Jaguaruana, Brasil","Patriota,Crist√£o de direita, f√£ de automobilismo,Ferrarista de cora√ß√£o e apaixonado por astronomia, filmes, s√©ries, games e Hqs.",196.0,False,32,1306,1871,2019,@claudioedantas t√¥ curioso.... fico no aguardo do segredo,[],['claudioedantas'],[],0.0,0.0,1.0,0.0,0.0,0.0,0.0,0.0,0.0
191624,589840,210952183.0,ligerinho101,brasil,‚≠êÔ∏èPATRIA‚≠êÔ∏èAMADA‚≠êÔ∏èBRASIL‚≠êÔ∏èüáßüá∑‚≠êÔ∏èm√°-influencer digital,956.0,False,1011,24625,26976,2010,@danilogentili danilo s√≥ ti desculpo se tu desbloquear a @damadeferroofic ela √© t√£o gente boa... ü§ì,[],"['DaniloGentili', 'Damadeferroofic']",[],0.0,0.0,1.0,0.0,0.0,0.0,0.0,0.0,0.0
31184,106949,79257723.0,cidojonleno,"Nagasaki-shi, Nagasaki",buuuuuu,439.0,False,271,2693,4515,2009,@felipeneto vai tomar no cu seu retardado.,[],['felipeneto'],[],0.0,0.0,1.0,0.0,0.0,0.0,0.0,0.0,0.0
244227,769124,1.0633995713873101e+18,ElGaMa84,,"Minha Bio! Out, please.",163.0,False,3,45,44,2018,"@rosana reza a lenda que na natureza n√£o existe uma forma circular perfeita... ela est√° no plano das ideias... esse plat√£o, viu...",[],['rosana'],[],0.0,0.0,1.0,0.0,0.0,0.0,0.0,0.0,0.0
134843,408657,9.342167757759448e+17,Raphael80973911,,,114.0,False,0,4,18,2017,@felipeneto como sempre as desculpinha de perdedor,[],['felipeneto'],[],0.0,0.0,1.0,0.0,0.0,0.0,0.0,0.0,0.0
74742,244641,1.0945824737181408e+18,bosmino1,,historiador fantasma,358.0,False,64,4384,1383,2019,"@BlogdoNoblat S√ì QUERIA SABER QUANTO CUSTA CADA IDA DO BOZO AO ESTADIO, COM SEGURAN√áA E TRASPORTE, S√ì  PARA SER VAIADO, E HOJE ELE ESCONDEU O MOURO E N√ÉO LEVOU",[],['BlogdoNoblat'],[],0.0,0.0,1.0,0.0,0.0,0.0,0.0,0.0,0.0
57507,194069,176850987.0,MarcoMacdover1,jundiai,,546.0,False,372,2300,12616,2010,"@gduvivier burro!! dois criminosos!!! se entregaram √† outros, participaram do crime!!",[],['gduvivier'],[],0.0,0.0,1.0,0.0,0.0,0.0,0.0,0.0,0.0
138590,417711,3400704503.0,niehuesed,,Av√¥ do Mathias. Encoste a m√£o nele e ningu√©m vai encontrar teu corpo.,1243.0,False,407,1644,1001,2015,@blogdonoblat vcs perderam a elei√ß√£o. v√° trabalhar vagabundo.,[],['BlogdoNoblat'],[],0.0,0.0,1.0,0.0,0.0,0.0,0.0,0.0,0.0
37366,126500,493531886.0,bethxerem,Brasil,,284.0,False,32,125,869,2012,@anapaulavolei pastoral carceraria vai dar ajuda ! https://t.co/eqyyiptfbo,[],['AnaPaulaVolei'],[],0.0,0.0,1.0,0.0,0.0,0.0,0.0,0.0,0.0
228437,715391,9.707197799202079e+17,Eliana91146814,"Aracaju, Brasil","Designer de Interiores em atividade , Analista Judici√°ria aposentada,
especialista em Direito Penal e Processo Penal,",251.0,False,138,3453,12515,2018,"@monicabergamo ta curiosa n√© mo√ßa?
vai ser comunicada na hora certa, pode esperar!",[],['monicabergamo'],[],0.0,0.0,1.0,0.0,0.0,0.0,0.0,0.0,0.0
98998,315386,105333403.0,Rogecler,,,594.0,False,74,1064,6470,2010,"@rafinhabastos Exatamente! Acredito que o desejo da maioria do povo brasileiro √© que possa tocar sua vida em paz, que o Estado cumpra o seu dever e que n√£o esculhambem com a nossa grana.",[],['rafinhabastos'],[],0.0,0.0,1.0,0.0,0.0,0.0,0.0,0.0,0.0
